NAME,POSITION,EXT.
Josh Carnelley,"Counselor - (assisting students A-Cn, grades 9-12) | Email: (joshua.carnelley @ nhcs.net)",72260
Leigh-Ann Ahrenberg,"Counselor - (assisting students Co-G, grades 9-12) | Email: (leighann.ahrenberg @ nhcs.net)",72262
Terry Hopkins,"Counselor - (assisting students Mc-R, grades 9-12) | Email: (terry.hopkins @ nhcs.net)",72266
Noah Jawitz,"Counselor - (assisting students H-Ma, grades 9-12) | Email: (noah.jawitz @ nhcs.net)",72371
Frances Williams,"Counselor - (assisting students S-Z, grades 9-12) | Email: (frances.williams @ nhcs.net)",72258
Tammy Durant,Social Worker | Email: (tammy.durant @ nhcs.net),72265
Kelly Burden,Social Worker | Email: (kelly.burden @ nhcs.net),72261
Brenda Gustafson,Data Manager | Email: (brenda.gustafson @ nhcs.net),72269
Denise Simpson,Student Services Support Associate | Email: (denise.simpson @ nhcs.net),72389
Sheryl Coston,CTE Facilitator | Email: (sheryl.coston @ nhcs.net),72324
