NAME,POSITION,EXT.
Joy Allen,Support Staff - Dean's Office,72379
Patricia Alletzhauser,ESL Teacher,72277
Joyce Beckwith,Support Associate - email,72250
Charles Bellamy,Facilities,
Lee Bellamy,Facilities (Head) - email,
Kelly Burden,Social Worker - email,72261
Caress Clegg,Virtual Academy Coordinator,72300
Larry Cleveland,ISS Coordinator,72363
Sheryl Coston,CTE Facilitator,72324
Jennifer Crudelli,AIG Coordinator,72268
Cheryl Davis,Support Associate - email,72388
Kimberly Dockery,Child Nutrition - email,72257
Tammy Durant,Social Worker,72265
Sheila Evans,Teen Court Coordinator - email,
Brenda Gustafson,Data Manager - email,72269
Cynthia Herbert,Facilities - email,
Patricia Kidd,Treasurer,72267
Deborah Lewis,Media Center Coordinator,72278
"Michael Muno, Jr.",Facilities - email,
Christie Lea Osborne,IB Coordinator,
Maria Parillo,Support Associate - email,72256
Brett Queen,Instructional Technology Facilitator,72263
Denise Simpson,Support Associate - email,72389
Jennifer Tapia,Support Associate - Student Services,72275
Renee Tootoo,School Nurse,72264
Connie Vigus,Homebound Teacher - email,
